{"_wandb":{"runtime":202},"train_loss":0.39325002739663983,"valid_loss":0.39795445843979166,"lr":0.00013950288424762524,"_timestamp":1.746410896567578e+09,"_runtime":2.141811,"_step":18}