{"_timestamp":1.746416956418676e+09,"_runtime":1.436775,"_step":24,"_wandb":{"runtime":17},"train_loss":0.13535524591742482,"valid_loss":0.13021551555505506,"lr":2.8743782885148317e-05}