{"_step":24,"train_loss":0.21778988874540095,"valid_loss":0.2340589444394465,"lr":2.874763625183619e-05,"_wandb":{"runtime":3},"_timestamp":1.746417996055553e+09,"_runtime":1.8957009999999999}