{"train_loss":0.3679833743171614,"_wandb":{"runtime":23},"valid_loss":0.36339737474918365,"lr":0.00021875148939648568,"_timestamp":1.7464130243133628e+09,"_runtime":2.940255,"_step":24}