{"_step":19,"train_loss":0.20083100666276743,"valid_loss":0.21367682668345947,"_wandb":{"runtime":75},"lr":0.0002849727407715401,"_timestamp":1.746412206945024e+09,"_runtime":3.804355}