{"_runtime":2.347758,"_step":24,"_wandb":{"runtime":41},"train_loss":0.17226145697421716,"valid_loss":0.16528815003456893,"lr":1.916252192343221e-05,"_timestamp":1.746413462777762e+09}