{"_runtime":206.650243,"_step":24,"_wandb":{"runtime":215},"train_loss":0.1640729274539674,"valid_loss":0.15146610058016247,"lr":2.8743782885148317e-05,"_timestamp":1.746414280550187e+09}