{"lr":0.00038085997592694244,"_timestamp":1.746412565088516e+09,"_runtime":2.548604,"_step":19,"train_loss":0.6499293832505335,"_wandb":{"runtime":76},"valid_loss":0.4333240868592704}