{"train_loss":0.20274126236556006,"valid_loss":0.22136910273521035,"lr":0.00038085997592694244,"_timestamp":1.746412327822693e+09,"_runtime":47.998909,"_step":19,"_wandb":{"runtime":219}}