{"_step":24,"_wandb":{"runtime":109},"train_loss":0.17226371462227869,"valid_loss":0.1571369067662292,"lr":2.8743782885148317e-05,"_timestamp":1.7464135825507882e+09,"_runtime":79.330492}