{"train_loss":0.14428940241331936,"valid_loss":0.13781106209865324,"_wandb":{"runtime":4},"lr":2.8743782885148317e-05,"_timestamp":1.746417515670537e+09,"_runtime":2.5012309999999998,"_step":24}